date,p_4cp_hourly_mlh,p_4cp_daily_monthlyTop4
2022-01-01,0.0,0.0
2022-01-02,0.0,0.0
2022-01-03,0.0,0.0
2022-01-04,0.0,0.0
2022-01-05,0.0,0.0
2022-01-06,0.0,0.0
2022-01-07,0.0,0.0
2022-01-08,0.0,0.0
2022-01-09,0.0,0.0
2022-01-10,0.0,0.0
2022-01-11,0.0,0.0
2022-01-12,0.0,0.0
2022-01-13,0.0,0.0
2022-01-14,0.0,0.0
2022-01-15,0.0,0.0
2022-01-16,0.0,0.0
2022-01-17,0.0,0.0
2022-01-18,0.0,0.0
2022-01-19,0.0,0.0
2022-01-20,0.0,0.0
2022-01-21,0.0,0.0
2022-01-22,0.0,0.0
2022-01-23,0.0,0.0
2022-01-24,0.0,0.0
2022-01-25,0.0,0.0
2022-01-26,0.0,0.0
2022-01-27,0.0,0.0
2022-01-28,0.0,0.0
2022-01-29,0.0,0.0
2022-01-30,0.0,0.0
2022-01-31,0.0,0.0
2022-02-01,0.0,0.0
2022-02-02,0.0,0.0
2022-02-03,0.0,0.0
2022-02-04,0.0,0.0
2022-02-05,0.0,0.0
2022-02-06,0.0,0.0
2022-02-07,0.0,0.0
2022-02-08,0.0,0.0
2022-02-09,0.0,0.0
2022-02-10,0.0,0.0
2022-02-11,0.0,0.0
2022-02-12,0.0,0.0
2022-02-13,0.0,0.0
2022-02-14,0.0,0.0
2022-02-15,0.0,0.0
2022-02-16,0.0,0.0
2022-02-17,0.0,0.0
2022-02-18,0.0,0.0
2022-02-19,0.0,0.0
2022-02-20,0.0,0.0
2022-02-21,0.0,0.0
2022-02-22,0.0,0.0
2022-02-23,0.0,0.0
2022-02-24,0.0,0.0
2022-02-25,0.0,0.0
2022-02-26,0.0,0.0
2022-02-27,0.0,0.0
2022-02-28,0.0,0.0
2022-03-01,0.0,0.0
2022-03-02,0.0,0.0
2022-03-03,0.0,0.0
2022-03-04,0.0,0.0
2022-03-05,0.0,0.0
2022-03-06,0.0,0.0
2022-03-07,0.0,0.0
2022-03-08,0.0,0.0
2022-03-09,0.0,0.0
2022-03-10,0.0,0.0
2022-03-11,0.0,0.0
2022-03-12,0.0,0.0
2022-03-13,0.0,0.0
2022-03-14,0.0,0.0
2022-03-15,0.0,0.0
2022-03-16,0.0,0.0
2022-03-17,0.0,0.0
2022-03-18,0.0,0.0
2022-03-19,0.0,0.0
2022-03-20,0.0,0.0
2022-03-21,0.0,0.0
2022-03-22,0.0,0.0
2022-03-23,0.0,0.0
2022-03-24,0.0,0.0
2022-03-25,0.0,0.0
2022-03-26,0.0,0.0
2022-03-27,0.0,0.0
2022-03-28,0.0,0.0
2022-03-29,0.0,0.0
2022-03-30,0.0,0.0
2022-03-31,0.0,0.0
2022-04-01,0.0,0.0
2022-04-02,0.0,0.0
2022-04-03,0.0,0.0
2022-04-04,0.0,0.0
2022-04-05,0.0,0.0
2022-04-06,0.0,0.0
2022-04-07,0.0,0.0
2022-04-08,0.0,0.0
2022-04-09,0.0,0.0
2022-04-10,0.0,0.0
2022-04-11,0.0,0.0
2022-04-12,0.0,0.0
2022-04-13,0.0,0.0
2022-04-14,0.0,0.0
2022-04-15,0.0,0.0
2022-04-16,0.0,0.0
2022-04-17,0.0,0.0
2022-04-18,0.0,0.0
2022-04-19,0.0,0.0
2022-04-20,0.0,0.0
2022-04-21,0.0,0.0
2022-04-22,0.0,0.0
2022-04-23,0.0,0.0
2022-04-24,0.0,0.0
2022-04-25,0.0,0.0
2022-04-26,0.0,0.0
2022-04-27,0.0,0.0
2022-04-28,0.0,0.0
2022-04-29,0.0,0.0
2022-04-30,0.0,0.0
2022-05-01,0.0,0.0
2022-05-02,0.0,0.0
2022-05-03,0.0,0.0
2022-05-04,0.0,0.0
2022-05-05,0.0,0.0
2022-05-06,0.0,0.0
2022-05-07,0.0,0.0
2022-05-08,0.0,0.0
2022-05-09,0.0,0.0
2022-05-10,0.0,0.0
2022-05-11,0.0,0.0
2022-05-12,0.0,0.0
2022-05-13,0.0,0.0
2022-05-14,0.0,0.0
2022-05-15,0.0,0.0
2022-05-16,0.0,0.0
2022-05-17,0.0,0.0
2022-05-18,0.0,0.0
2022-05-19,0.0,0.0
2022-05-20,0.0,0.0
2022-05-21,0.0,0.0
2022-05-22,0.0,0.0
2022-05-23,0.0,0.0
2022-05-24,0.0,0.0
2022-05-25,0.0,0.0
2022-05-26,0.0,0.0
2022-05-27,0.0,0.0
2022-05-28,0.0,0.0
2022-05-29,0.0,0.0
2022-05-30,0.0,0.0
2022-05-31,0.0,0.0
2022-06-01,0.007149822671918052,0.03285493249774055
2022-06-02,0.0033790097560188405,0.01961459582620646
2022-06-03,0.00156362143252423,0.009332495546169509
2022-06-04,0.0003515697318098238,0.0012201868382773215
2022-06-05,0.8194967723415018,0.9799229171744825
2022-06-06,0.9708952852299989,1.0
2022-06-07,0.7955579990806119,0.9766243630697085
2022-06-08,0.6733507068674939,0.9292151464386101
2022-06-09,0.6432754917840466,0.9268010635949775
2022-06-10,0.49044913296307635,0.8356169755228009
2022-06-11,0.34592366619657233,0.6433260918039272
2022-06-12,0.3720888443661794,0.6731517847912155
2022-06-13,0.8492807172642621,0.9869616630274927
2022-06-14,0.771129464495711,0.9638136606122638
2022-06-15,0.8655716072364372,0.9838306309941606
2022-06-16,0.8058396376507084,0.9722293315190045
2022-06-17,0.13350206978883486,0.3723262896802055
2022-06-18,0.03708462268588535,0.13069170380484618
2022-06-19,0.05829253752890055,0.16486119069960406
2022-06-20,0.194353731277907,0.41099563293673846
2022-06-21,0.2587752839683226,0.5293460668543578
2022-06-22,0.2460800357567397,0.5068916038294351
2022-06-23,0.06996795136999269,0.21794611380902962
2022-06-24,0.02974380813779251,0.09418452316105984
2022-06-25,0.01649425533183753,0.04978128265831062
2022-06-26,0.005896033514561733,0.024105184729560965
2022-06-27,0.048897756957046935,0.13982249686350476
2022-06-28,0.040918916769612734,0.12084840697390448
2022-06-29,0.05107408353093559,0.15154410699452553
2022-06-30,0.04327720664584236,0.12154039297064759
2022-07-01,0.008414585230990226,0.031245661572117365
2022-07-02,0.006408689114516555,0.025759333021451968
2022-07-03,0.0069809222036202705,0.0246692589896573
2022-07-04,0.03657433687485033,0.10679230683190748
2022-07-05,0.894955893783307,0.9893596070056759
2022-07-06,0.8158370065363842,0.9678784052312632
2022-07-07,0.7771362921230424,0.9562281861186175
2022-07-08,0.6350056554953234,0.896523879952102
2022-07-09,0.07556819259902453,0.21534250956744178
2022-07-10,0.09126411915625862,0.23693250628992432
2022-07-11,0.6702599608480211,0.8919560893982421
2022-07-12,0.6951356935103076,0.9179277085173753
2022-07-13,0.4886893211563046,0.7747845430025941
2022-07-14,0.4698939448965968,0.7451096077624388
2022-07-15,0.3089457368212336,0.5794579208151286
2022-07-16,0.1455306173860509,0.334715321289779
2022-07-17,0.25262591471032725,0.4554678386648344
2022-07-18,0.4663389313496502,0.7500175608548825
2022-07-19,0.4087161595171484,0.7035329715014363
2022-07-20,0.4722389838118777,0.7430020747489616
2022-07-21,0.20834658818551086,0.4436709860028216
2022-07-22,0.08235629498656284,0.24049442669885673
2022-07-23,0.020442772508411502,0.06645527870406426
2022-07-24,0.03016574178496336,0.0867289442575619
2022-07-25,0.09591921351320018,0.2420259985075217
2022-07-26,0.07465822461762386,0.2052777901106831
2022-07-27,0.06928676207218831,0.18794927121177998
2022-07-28,0.06450884566699552,0.19178151763153556
2022-07-29,0.04123160631059504,0.13613765707211517
2022-07-30,0.009980663173396107,0.035834528989180214
2022-07-31,0.012430950264863252,0.045249514378119936
2022-08-01,0.029927372219702597,0.06734578688094395
2022-08-02,0.08016717000919939,0.21494988489610942
2022-08-03,0.09405255166491548,0.23468721988573074
2022-08-04,0.10522192805828495,0.29203221440733446
2022-08-05,0.2542014705527181,0.5339148836132256
2022-08-06,0.05338321097030396,0.16033910604183862
2022-08-07,0.04109026377615707,0.11181771515541718
2022-08-08,0.17449465140034293,0.38623916421587084
2022-08-09,0.09509194731542361,0.24621677341940137
2022-08-10,0.07606838271606917,0.20798594923159872
2022-08-11,0.05739683049404965,0.17673711863059838
2022-08-12,0.0356078931531336,0.10972790519089719
2022-08-13,0.016069740005776698,0.05339380143565466
2022-08-14,0.009413599022841671,0.030094489520043358
2022-08-15,0.06591705307094801,0.17849771020493488
2022-08-16,0.06329655399062083,0.1777921028945106
2022-08-17,0.053692623868865884,0.1588077798873433
2022-08-18,0.05431058493220761,0.15918230881228654
2022-08-19,0.039871828120293495,0.1276132527688751
2022-08-20,0.023368659510973694,0.07704383671643783
2022-08-21,0.015614943825975593,0.0458451378221122
2022-08-22,0.052660729195063906,0.15940179638643917
2022-08-23,0.042727159685782695,0.13761878120910856
2022-08-24,0.04078709502534422,0.12691540174443208
2022-08-25,0.036085611817458174,0.10980014036667984
2022-08-26,0.022115209337722576,0.08890252669551046
2022-08-27,0.005786963235317051,0.02619187504449162
2022-08-28,0.011167222029676795,0.03524445369320892
2022-08-29,0.046280561993581694,0.1468076477442843
2022-08-30,0.02508741891707224,0.09166935446402225
2022-08-31,0.01491248981275921,0.05273006695442186
2022-09-01,0.01408612566491924,0.046384123923090846
2022-09-02,0.009207882653956945,0.03461562499959836
2022-09-03,0.006691694049221916,0.021547256743873526
2022-09-04,0.0004507712552231997,0.0020194110434868613
2022-09-05,0.4584020153834562,0.7401800579622602
2022-09-06,0.8602231034643301,0.9847793954724142
2022-09-07,0.22188739285050224,0.48808372771136715
2022-09-08,0.21019009200904154,0.4645441861850951
2022-09-09,0.08162244605333542,0.25624382033159776
2022-09-10,0.017481194332061058,0.06061107559710341
2022-09-11,0.01707515198490712,0.05803920079807822
2022-09-12,0.06280191199944796,0.18986869729083355
2022-09-13,0.03812343481720584,0.135193305414478
2022-09-14,0.03551828927759132,0.11464907378189826
2022-09-15,0.030252600014637327,0.09834233046417849
2022-09-16,0.016574327433875793,0.06782850294321488
2022-09-17,0.012738184723692673,0.043949148454983135
2022-09-18,0.007049940009519948,0.024224981107270033
2022-09-19,0.048570714750910585,0.1563015070636077
2022-09-20,0.033678851451231104,0.11463522229323096
2022-09-21,0.03452471151716719,0.10788162005712545
2022-09-22,0.02229925047224967,0.07803110431181022
2022-09-23,0.009950070907059148,0.046788965636428204
2022-09-24,0.0052650237107777585,0.017853964936440175
2022-09-25,0.0028894810469455978,0.009481032813771372
2022-09-26,0.01541295525193357,0.0521215884882842
2022-09-27,0.012187151239792181,0.050997207731324636
2022-09-28,0.012188138959641178,0.043790352220853215
2022-09-29,0.011108636762884714,0.040539742577999686
2022-09-30,0.005981014180287828,0.028607735735440277
2022-10-01,0.0,0.0
2022-10-02,0.0,0.0
2022-10-03,0.0,0.0
2022-10-04,0.0,0.0
2022-10-05,0.0,0.0
2022-10-06,0.0,0.0
2022-10-07,0.0,0.0
2022-10-08,0.0,0.0
2022-10-09,0.0,0.0
2022-10-10,0.0,0.0
2022-10-11,0.0,0.0
2022-10-12,0.0,0.0
2022-10-13,0.0,0.0
2022-10-14,0.0,0.0
2022-10-15,0.0,0.0
2022-10-16,0.0,0.0
2022-10-17,0.0,0.0
2022-10-18,0.0,0.0
2022-10-19,0.0,0.0
2022-10-20,0.0,0.0
2022-10-21,0.0,0.0
2022-10-22,0.0,0.0
2022-10-23,0.0,0.0
2022-10-24,0.0,0.0
2022-10-25,0.0,0.0
2022-10-26,0.0,0.0
2022-10-27,0.0,0.0
2022-10-28,0.0,0.0
2022-10-29,0.0,0.0
2022-10-30,0.0,0.0
2022-10-31,0.0,0.0
2022-11-01,0.0,0.0
2022-11-02,0.0,0.0
2022-11-03,0.0,0.0
2022-11-04,0.0,0.0
2022-11-05,0.0,0.0
2022-11-06,0.0,0.0
2022-11-07,0.0,0.0
2022-11-08,0.0,0.0
2022-11-09,0.0,0.0
2022-11-10,0.0,0.0
2022-11-11,0.0,0.0
2022-11-12,0.0,0.0
2022-11-13,0.0,0.0
2022-11-14,0.0,0.0
2022-11-15,0.0,0.0
2022-11-16,0.0,0.0
2022-11-17,0.0,0.0
2022-11-18,0.0,0.0
2022-11-19,0.0,0.0
2022-11-20,0.0,0.0
2022-11-21,0.0,0.0
2022-11-22,0.0,0.0
2022-11-23,0.0,0.0
2022-11-24,0.0,0.0
2022-11-25,0.0,0.0
2022-11-26,0.0,0.0
2022-11-27,0.0,0.0
2022-11-28,0.0,0.0
2022-11-29,0.0,0.0
2022-11-30,0.0,0.0
2022-12-01,0.0,0.0
2022-12-02,0.0,0.0
2022-12-03,0.0,0.0
2022-12-04,0.0,0.0
2022-12-05,0.0,0.0
2022-12-06,0.0,0.0
2022-12-07,0.0,0.0
2022-12-08,0.0,0.0
2022-12-09,0.0,0.0
2022-12-10,0.0,0.0
2022-12-11,0.0,0.0
2022-12-12,0.0,0.0
2022-12-13,0.0,0.0
2022-12-14,0.0,0.0
2022-12-15,0.0,0.0
2022-12-16,0.0,0.0
2022-12-17,0.0,0.0
2022-12-18,0.0,0.0
2022-12-19,0.0,0.0
2022-12-20,0.0,0.0
2022-12-21,0.0,0.0
2022-12-22,0.0,0.0
2022-12-23,0.0,0.0
2022-12-24,0.0,0.0
2022-12-25,0.0,0.0
2022-12-26,0.0,0.0
2022-12-27,0.0,0.0
2022-12-28,0.0,0.0
2022-12-29,0.0,0.0
2022-12-30,0.0,0.0
2022-12-31,0.0,0.0
2023-01-01,0.0,0.0
2023-01-02,0.0,0.0
2023-01-03,0.0,0.0
2023-01-04,0.0,0.0
2023-01-05,0.0,0.0
2023-01-06,0.0,0.0
2023-01-07,0.0,0.0
2023-01-08,0.0,0.0
2023-01-09,0.0,0.0
2023-01-10,0.0,0.0
2023-01-11,0.0,0.0
2023-01-12,0.0,0.0
2023-01-13,0.0,0.0
2023-01-14,0.0,0.0
2023-01-15,0.0,0.0
2023-01-16,0.0,0.0
2023-01-17,0.0,0.0
2023-01-18,0.0,0.0
2023-01-19,0.0,0.0
2023-01-20,0.0,0.0
2023-01-21,0.0,0.0
2023-01-22,0.0,0.0
2023-01-23,0.0,0.0
2023-01-24,0.0,0.0
2023-01-25,0.0,0.0
2023-01-26,0.0,0.0
2023-01-27,0.0,0.0
2023-01-28,0.0,0.0
2023-01-29,0.0,0.0
2023-01-30,0.0,0.0
2023-01-31,0.0,0.0
2023-02-01,0.0,0.0
2023-02-02,0.0,0.0
2023-02-03,0.0,0.0
2023-02-04,0.0,0.0
2023-02-05,0.0,0.0
2023-02-06,0.0,0.0
2023-02-07,0.0,0.0
2023-02-08,0.0,0.0
2023-02-09,0.0,0.0
2023-02-10,0.0,0.0
2023-02-11,0.0,0.0
2023-02-12,0.0,0.0
2023-02-13,0.0,0.0
2023-02-14,0.0,0.0
2023-02-15,0.0,0.0
2023-02-16,0.0,0.0
2023-02-17,0.0,0.0
2023-02-18,0.0,0.0
2023-02-19,0.0,0.0
2023-02-20,0.0,0.0
2023-02-21,0.0,0.0
2023-02-22,0.0,0.0
2023-02-23,0.0,0.0
2023-02-24,0.0,0.0
2023-02-25,0.0,0.0
2023-02-26,0.0,0.0
2023-02-27,0.0,0.0
2023-02-28,0.0,0.0
2023-03-01,0.0,0.0
2023-03-02,0.0,0.0
2023-03-03,0.0,0.0
2023-03-04,0.0,0.0
2023-03-05,0.0,0.0
2023-03-06,0.0,0.0
2023-03-07,0.0,0.0
2023-03-08,0.0,0.0
2023-03-09,0.0,0.0
2023-03-10,0.0,0.0
2023-03-11,0.0,0.0
2023-03-12,0.0,0.0
2023-03-13,0.0,0.0
2023-03-14,0.0,0.0
2023-03-15,0.0,0.0
2023-03-16,0.0,0.0
2023-03-17,0.0,0.0
2023-03-18,0.0,0.0
2023-03-19,0.0,0.0
2023-03-20,0.0,0.0
2023-03-21,0.0,0.0
2023-03-22,0.0,0.0
2023-03-23,0.0,0.0
2023-03-24,0.0,0.0
2023-03-25,0.0,0.0
2023-03-26,0.0,0.0
2023-03-27,0.0,0.0
2023-03-28,0.0,0.0
2023-03-29,0.0,0.0
2023-03-30,0.0,0.0
2023-03-31,0.0,0.0
2023-04-01,0.0,0.0
2023-04-02,0.0,0.0
2023-04-03,0.0,0.0
2023-04-04,0.0,0.0
2023-04-05,0.0,0.0
2023-04-06,0.0,0.0
2023-04-07,0.0,0.0
2023-04-08,0.0,0.0
2023-04-09,0.0,0.0
2023-04-10,0.0,0.0
2023-04-11,0.0,0.0
2023-04-12,0.0,0.0
2023-04-13,0.0,0.0
2023-04-14,0.0,0.0
2023-04-15,0.0,0.0
2023-04-16,0.0,0.0
2023-04-17,0.0,0.0
2023-04-18,0.0,0.0
2023-04-19,0.0,0.0
2023-04-20,0.0,0.0
2023-04-21,0.0,0.0
2023-04-22,0.0,0.0
2023-04-23,0.0,0.0
2023-04-24,0.0,0.0
2023-04-25,0.0,0.0
2023-04-26,0.0,0.0
2023-04-27,0.0,0.0
2023-04-28,0.0,0.0
2023-04-29,0.0,0.0
2023-04-30,0.0,0.0
2023-05-01,0.0,0.0
2023-05-02,0.0,0.0
2023-05-03,0.0,0.0
2023-05-04,0.0,0.0
2023-05-05,0.0,0.0
2023-05-06,0.0,0.0
2023-05-07,0.0,0.0
2023-05-08,0.0,0.0
2023-05-09,0.0,0.0
2023-05-10,0.0,0.0
2023-05-11,0.0,0.0
2023-05-12,0.0,0.0
2023-05-13,0.0,0.0
2023-05-14,0.0,0.0
2023-05-15,0.0,0.0
2023-05-16,0.0,0.0
2023-05-17,0.0,0.0
2023-05-18,0.0,0.0
2023-05-19,0.0,0.0
2023-05-20,0.0,0.0
2023-05-21,0.0,0.0
2023-05-22,0.0,0.0
2023-05-23,0.0,0.0
2023-05-24,0.0,0.0
2023-05-25,0.0,0.0
2023-05-26,0.0,0.0
2023-05-27,0.0,0.0
2023-05-28,0.0,0.0
2023-05-29,0.0,0.0
2023-05-30,0.0,0.0
2023-05-31,0.0,0.0
2023-06-01,0.0054943763502047615,0.02341551797142719
2023-06-02,0.0021350291544442804,0.01175459343700235
2023-06-03,0.0016825814975529433,0.008236135263304226
2023-06-04,0.0,0.0
2023-06-05,0.6592625970854451,0.9164203464295037
2023-06-06,0.29981637364121505,0.6194587688730331
2023-06-07,0.29619056912624314,0.6239367840805154
2023-06-08,0.2690428945572346,0.5961528310438963
2023-06-09,0.18205790355664037,0.48743302330535176
2023-06-10,0.1337002511138678,0.337514996123576
2023-06-11,0.10674190073172295,0.28227924520473296
2023-06-12,0.5258533248373597,0.8293796972168717
2023-06-13,0.5150426538600539,0.8137506414436693
2023-06-14,0.5474640177174819,0.8259388447271999
2023-06-15,0.5719265413773547,0.8504051713941521
2023-06-16,0.4698992728678845,0.802436844021565
2023-06-17,0.2945914159224019,0.5662029224294324
2023-06-18,0.2723563831736204,0.5121507815755579
2023-06-19,0.8246780955261854,0.971187101747463
2023-06-20,0.6796067066903082,0.9083632729144369
2023-06-21,0.37087997305588416,0.6452533956010612
2023-06-22,0.140328252091377,0.3419557650526921
2023-06-23,0.08135504650448099,0.24309939994639165
2023-06-24,0.046142457439904555,0.13505729921209964
2023-06-25,0.04285320111512345,0.12775881419440674
2023-06-26,0.11480144151652096,0.2929258999140861
2023-06-27,0.1074318204174187,0.27932304547132
2023-06-28,0.0935149767287938,0.2610206775082415
2023-06-29,0.08617046760670272,0.24512208814456765
2023-06-30,0.07803525665143377,0.22440425480491985
2023-07-01,0.004666538948823749,0.01602958121514618
2023-07-02,0.00968572025064479,0.03268820848863479
2023-07-03,0.02854035264055456,0.09845667369954834
2023-07-04,0.05719431172636513,0.16369441919246203
2023-07-05,0.9255157232535473,0.9957366380650217
2023-07-06,0.6047717633619716,0.8448957187004132
2023-07-07,0.17050523452612731,0.4162081950037254
2023-07-08,0.07283685750589401,0.20424724260753171
2023-07-09,0.05397570338343629,0.15032456282455725
2023-07-10,0.23915845789894205,0.47741194290938344
2023-07-11,0.1171995695589394,0.2929182650028333
2023-07-12,0.10186846659027979,0.2714000495749512
2023-07-13,0.08635550078183357,0.23172196920397722
2023-07-14,0.059181367412537114,0.188720483751701
2023-07-15,0.03467846565097323,0.1172579035178955
2023-07-16,0.03743062580549857,0.1066255575212819
2023-07-17,0.09102413246496656,0.24917937389931719
2023-07-18,0.08315387915416625,0.24012413809070787
2023-07-19,0.07453666977346143,0.22354072327766153
2023-07-20,0.08260266549144328,0.23794153903407836
2023-07-21,0.061209279339260736,0.19094373548538507
2023-07-22,0.02372388032075088,0.0876775121946502
2023-07-23,0.0347370404825627,0.09404186961411796
2023-07-24,0.1057853576167679,0.2632145568625604
2023-07-25,0.1194237111353144,0.2968122078668575
2023-07-26,0.09051987460768773,0.2410482630340287
2023-07-27,0.09616669290482252,0.2613347038721517
2023-07-28,0.060271824378596454,0.1837361320182156
2023-07-29,0.01936164907259308,0.07863889119773142
2023-07-30,0.024988011931438944,0.06595412302177625
2023-07-31,0.0697911430895648,0.19681325158206658
2023-08-01,0.06818617662199118,0.18942696669224146
2023-08-02,0.07747814332959949,0.19642837598019358
2023-08-03,0.07212990848561807,0.2003113112647772
2023-08-04,0.049172500947026465,0.15257103313995568
2023-08-05,0.3219841550396677,0.6396251606946737
2023-08-06,0.23999033020136218,0.48979130213403616
2023-08-07,0.383311678787951,0.6367313665756863
2023-08-08,0.8776787830583407,0.988274133448099
2023-08-09,0.7690525776551428,0.9488226229050147
2023-08-10,0.6797990513509152,0.9108458049964477
2023-08-11,0.2551458002671062,0.5189372194883871
2023-08-12,0.11260874377143093,0.31970659363432424
2023-08-13,0.06768757999397981,0.19009718176676105
2023-08-14,0.4360556565691772,0.7059515213328023
2023-08-15,0.4100270153418959,0.6875884138058108
2023-08-16,0.3687626206954404,0.6527482289314317
2023-08-17,0.16724638326777125,0.38480854852752266
2023-08-18,0.10777393222730268,0.28986964752300515
2023-08-19,0.03696925979402473,0.12625737512568466
2023-08-20,0.039442209353117555,0.11713961301698557
2023-08-21,0.1454635112057157,0.34572744036216546
2023-08-22,0.12096189242897284,0.2887328086896971
2023-08-23,0.09186693522294595,0.25046375801295534
2023-08-24,0.07001294247468658,0.20614444352691047
2023-08-25,0.05129119955706649,0.18130883270033166
2023-08-26,0.019049685797683708,0.07507473795728108
2023-08-27,0.03357774838730427,0.09753080050085322
2023-08-28,0.05868222149634465,0.17418101653770449
2023-08-29,0.045458974564217755,0.14932550453689658
2023-08-30,0.043524791370778707,0.15066593908513087
2023-08-31,0.03195893000891563,0.11016527652932463
2023-09-01,0.043893407405648795,0.14513058849506244
2023-09-02,0.015739248197899028,0.05910708432796491
2023-09-03,0.0146611518037356,0.055826254086369195
2023-09-04,0.016834520401675376,0.05902815525477044
2023-09-05,0.7915455490199984,0.9505901329853724
2023-09-06,0.3994459234596144,0.6409016266959875
2023-09-07,0.11802961598425331,0.31092309047428873
2023-09-08,0.006190577960086421,0.026645051079184946
2023-09-09,0.0024687178343670425,0.009922807227939968
2023-09-10,0.0015620718758070065,0.005900683832201162
2023-09-11,0.012320426498881215,0.041987215329112454
2023-09-12,0.009856807963865353,0.03685168662693172
2023-09-13,0.008053569973781144,0.027880042275918306
2023-09-14,0.007164127549014923,0.028371565425740985
2023-09-15,0.003965184432777459,0.021055292334785387
2023-09-16,0.0003809130775262058,0.0016341168858754035
2023-09-17,0.00020207380354010516,0.0008155153497579216
2023-09-18,0.005597845714044288,0.02453513455915271
2023-09-19,0.004363089895560196,0.017035142103781896
2023-09-20,0.006570327106446972,0.022273379569070807
2023-09-21,0.003771610626865343,0.015230552138527705
2023-09-22,0.0007678223306049026,0.004744554830945667
2023-09-23,0.0,0.0
2023-09-24,0.0,0.0
2023-09-25,0.002563950412907273,0.010150374317844865
2023-09-26,0.00210699270261293,0.008426523521703495
2023-09-27,0.003377890529618029,0.012111578398820882
2023-09-28,0.0034516830026821575,0.012191067167640512
2023-09-29,0.0008221862274458211,0.0035945982024092947
2023-09-30,0.0,0.0
2023-10-01,0.0,0.0
2023-10-02,0.0,0.0
2023-10-03,0.0,0.0
2023-10-04,0.0,0.0
2023-10-05,0.0,0.0
2023-10-06,0.0,0.0
2023-10-07,0.0,0.0
2023-10-08,0.0,0.0
2023-10-09,0.0,0.0
2023-10-10,0.0,0.0
2023-10-11,0.0,0.0
2023-10-12,0.0,0.0
2023-10-13,0.0,0.0
2023-10-14,0.0,0.0
2023-10-15,0.0,0.0
2023-10-16,0.0,0.0
2023-10-17,0.0,0.0
2023-10-18,0.0,0.0
2023-10-19,0.0,0.0
2023-10-20,0.0,0.0
2023-10-21,0.0,0.0
2023-10-22,0.0,0.0
2023-10-23,0.0,0.0
2023-10-24,0.0,0.0
2023-10-25,0.0,0.0
2023-10-26,0.0,0.0
2023-10-27,0.0,0.0
2023-10-28,0.0,0.0
2023-10-29,0.0,0.0
2023-10-30,0.0,0.0
2023-10-31,0.0,0.0
2023-11-01,0.0,0.0
2023-11-02,0.0,0.0
2023-11-03,0.0,0.0
2023-11-04,0.0,0.0
2023-11-05,0.0,0.0
2023-11-06,0.0,0.0
2023-11-07,0.0,0.0
2023-11-08,0.0,0.0
2023-11-09,0.0,0.0
2023-11-10,0.0,0.0
2023-11-11,0.0,0.0
2023-11-12,0.0,0.0
2023-11-13,0.0,0.0
2023-11-14,0.0,0.0
2023-11-15,0.0,0.0
2023-11-16,0.0,0.0
2023-11-17,0.0,0.0
2023-11-18,0.0,0.0
2023-11-19,0.0,0.0
2023-11-20,0.0,0.0
2023-11-21,0.0,0.0
2023-11-22,0.0,0.0
2023-11-23,0.0,0.0
2023-11-24,0.0,0.0
2023-11-25,0.0,0.0
2023-11-26,0.0,0.0
2023-11-27,0.0,0.0
2023-11-28,0.0,0.0
2023-11-29,0.0,0.0
2023-11-30,0.0,0.0
2023-12-01,0.0,0.0
2023-12-02,0.0,0.0
2023-12-03,0.0,0.0
2023-12-04,0.0,0.0
2023-12-05,0.0,0.0
2023-12-06,0.0,0.0
2023-12-07,0.0,0.0
2023-12-08,0.0,0.0
2023-12-09,0.0,0.0
2023-12-10,0.0,0.0
2023-12-11,0.0,0.0
2023-12-12,0.0,0.0
2023-12-13,0.0,0.0
2023-12-14,0.0,0.0
2023-12-15,0.0,0.0
2023-12-16,0.0,0.0
2023-12-17,0.0,0.0
2023-12-18,0.0,0.0
2023-12-19,0.0,0.0
2023-12-20,0.0,0.0
2023-12-21,0.0,0.0
2023-12-22,0.0,0.0
2023-12-23,0.0,0.0
2023-12-24,0.0,0.0
2023-12-25,0.0,0.0
2023-12-26,0.0,0.0
2023-12-27,0.0,0.0
2023-12-28,0.0,0.0
2023-12-29,0.0,0.0
2023-12-30,0.0,0.0
2023-12-31,0.0,0.0
2024-01-01,0.0,0.0
2024-01-02,0.0,0.0
2024-01-03,0.0,0.0
2024-01-04,0.0,0.0
2024-01-05,0.0,0.0
2024-01-06,0.0,0.0
2024-01-07,0.0,0.0
2024-01-08,0.0,0.0
2024-01-09,0.0,0.0
2024-01-10,0.0,0.0
2024-01-11,0.0,0.0
2024-01-12,0.0,0.0
2024-01-13,0.0,0.0
2024-01-14,0.0,0.0
2024-01-15,0.0,0.0
2024-01-16,0.0,0.0
2024-01-17,0.0,0.0
2024-01-18,0.0,0.0
2024-01-19,0.0,0.0
2024-01-20,0.0,0.0
2024-01-21,0.0,0.0
2024-01-22,0.0,0.0
2024-01-23,0.0,0.0
2024-01-24,0.0,0.0
2024-01-25,0.0,0.0
2024-01-26,0.0,0.0
2024-01-27,0.0,0.0
2024-01-28,0.0,0.0
2024-01-29,0.0,0.0
2024-01-30,0.0,0.0
2024-01-31,0.0,0.0
2024-02-01,0.0,0.0
2024-02-02,0.0,0.0
2024-02-03,0.0,0.0
2024-02-04,0.0,0.0
2024-02-05,0.0,0.0
2024-02-06,0.0,0.0
2024-02-07,0.0,0.0
2024-02-08,0.0,0.0
2024-02-09,0.0,0.0
2024-02-10,0.0,0.0
2024-02-11,0.0,0.0
2024-02-12,0.0,0.0
2024-02-13,0.0,0.0
2024-02-14,0.0,0.0
2024-02-15,0.0,0.0
2024-02-16,0.0,0.0
2024-02-17,0.0,0.0
2024-02-18,0.0,0.0
2024-02-19,0.0,0.0
2024-02-20,0.0,0.0
2024-02-21,0.0,0.0
2024-02-22,0.0,0.0
2024-02-23,0.0,0.0
2024-02-24,0.0,0.0
2024-02-25,0.0,0.0
2024-02-26,0.0,0.0
2024-02-27,0.0,0.0
2024-02-28,0.0,0.0
2024-02-29,0.0,0.0
2024-03-01,0.0,0.0
2024-03-02,0.0,0.0
2024-03-03,0.0,0.0
2024-03-04,0.0,0.0
2024-03-05,0.0,0.0
2024-03-06,0.0,0.0
2024-03-07,0.0,0.0
2024-03-08,0.0,0.0
2024-03-09,0.0,0.0
2024-03-10,0.0,0.0
2024-03-11,0.0,0.0
2024-03-12,0.0,0.0
2024-03-13,0.0,0.0
2024-03-14,0.0,0.0
2024-03-15,0.0,0.0
2024-03-16,0.0,0.0
2024-03-17,0.0,0.0
2024-03-18,0.0,0.0
2024-03-19,0.0,0.0
2024-03-20,0.0,0.0
2024-03-21,0.0,0.0
2024-03-22,0.0,0.0
2024-03-23,0.0,0.0
2024-03-24,0.0,0.0
2024-03-25,0.0,0.0
2024-03-26,0.0,0.0
2024-03-27,0.0,0.0
2024-03-28,0.0,0.0
2024-03-29,0.0,0.0
2024-03-30,0.0,0.0
2024-03-31,0.0,0.0
2024-04-01,0.0,0.0
2024-04-02,0.0,0.0
2024-04-03,0.0,0.0
2024-04-04,0.0,0.0
2024-04-05,0.0,0.0
2024-04-06,0.0,0.0
2024-04-07,0.0,0.0
2024-04-08,0.0,0.0
2024-04-09,0.0,0.0
2024-04-10,0.0,0.0
2024-04-11,0.0,0.0
2024-04-12,0.0,0.0
2024-04-13,0.0,0.0
2024-04-14,0.0,0.0
2024-04-15,0.0,0.0
2024-04-16,0.0,0.0
2024-04-17,0.0,0.0
2024-04-18,0.0,0.0
2024-04-19,0.0,0.0
2024-04-20,0.0,0.0
2024-04-21,0.0,0.0
2024-04-22,0.0,0.0
2024-04-23,0.0,0.0
2024-04-24,0.0,0.0
2024-04-25,0.0,0.0
2024-04-26,0.0,0.0
2024-04-27,0.0,0.0
2024-04-28,0.0,0.0
2024-04-29,0.0,0.0
2024-04-30,0.0,0.0
2024-05-01,0.0,0.0
2024-05-02,0.0,0.0
2024-05-03,0.0,0.0
2024-05-04,0.0,0.0
2024-05-05,0.0,0.0
2024-05-06,0.0,0.0
2024-05-07,0.0,0.0
2024-05-08,0.0,0.0
2024-05-09,0.0,0.0
2024-05-10,0.0,0.0
2024-05-11,0.0,0.0
2024-05-12,0.0,0.0
2024-05-13,0.0,0.0
2024-05-14,0.0,0.0
2024-05-15,0.0,0.0
2024-05-16,0.0,0.0
2024-05-17,0.0,0.0
2024-05-18,0.0,0.0
2024-05-19,0.0,0.0
2024-05-20,0.0,0.0
2024-05-21,0.0,0.0
2024-05-22,0.0,0.0
2024-05-23,0.0,0.0
2024-05-24,0.0,0.0
2024-05-25,0.0,0.0
2024-05-26,0.0,0.0
2024-05-27,0.0,0.0
2024-05-28,0.0,0.0
2024-05-29,0.0,0.0
2024-05-30,0.0,0.0
2024-05-31,0.0,0.0
2024-06-01,0.0,0.0
2024-06-02,0.0,0.0
2024-06-03,0.004178750256605798,0.01835504417584599
2024-06-04,0.005848969096748714,0.02284041985672266
2024-06-05,0.8070898406609575,0.9696470017584304
2024-06-06,0.7856257736331571,0.9601627301510931
2024-06-07,0.06567183504070571,0.21333679748417395
2024-06-08,0.03056473837272516,0.10530707780589182
2024-06-09,0.03807990495190643,0.12821487640987167
2024-06-10,0.1383146979164375,0.3381727552114323
2024-06-11,0.12754801659869394,0.3156044905722483
2024-06-12,0.13613761644549716,0.32682529069710836
2024-06-13,0.15720928310949947,0.37678539713469206
2024-06-14,0.1322811484373082,0.3426104531749046
2024-06-15,0.055202355293200465,0.16349632294290817
2024-06-16,0.06314983739566803,0.1852848833721749
2024-06-17,0.3810565068120992,0.6544013064241849
2024-06-18,0.09970403784818282,0.2575669077468461
2024-06-19,0.13567557447955936,0.3053538288315571
2024-06-20,0.10548311499079795,0.2801065305337734
2024-06-21,0.02831749481763793,0.0944837049236427
2024-06-22,0.009134644423215698,0.03451622866602695
2024-06-23,0.009447348353624022,0.03596692505180773
2024-06-24,0.04117407625153556,0.11748024555027142
2024-06-25,0.03981198554605455,0.12482579946940826
2024-06-26,0.04527460418146878,0.12863844726171514
2024-06-27,0.04015979038154104,0.11181690619409909
2024-06-28,0.034721988318195104,0.09402294794501358
2024-06-29,0.004259745236780295,0.018569475066536053
2024-06-30,0.007733609532246049,0.026626944105706898
2024-07-01,0.003205922613592803,0.011541952128534162
2024-07-02,0.01752636924573736,0.05277423357100835
2024-07-03,0.04305186443692188,0.11801292738482108
2024-07-04,0.043249530773089705,0.13670174728789977
2024-07-05,0.9659638479008293,0.9994284692543126
2024-07-06,0.23517196804287158,0.5126178838297718
2024-07-07,0.07913644632758214,0.21153341279983542
2024-07-08,0.12969349271208652,0.3077645279095828
2024-07-09,0.10188201560000447,0.26651452379846735
2024-07-10,0.09539177351447195,0.25128631677752516
2024-07-11,0.08417473568173968,0.22735678135252887
2024-07-12,0.058732387442832,0.18324434760883573
2024-07-13,0.025091048866981762,0.08191591216041824
2024-07-14,0.04150535887812379,0.10912451820526803
2024-07-15,0.13624821652755195,0.31427997191010254
2024-07-16,0.10931625931833228,0.2851700187513914
2024-07-17,0.11336819848738963,0.2839093544075139
2024-07-18,0.10147821838164839,0.2732933388617599
2024-07-19,0.06317701160164897,0.18622362040182125
2024-07-20,0.030597861412072706,0.08897056316071071
2024-07-21,0.045497813131806085,0.11780201805705022
2024-07-22,0.10665991861393541,0.2688725500572117
2024-07-23,0.10075898907595633,0.2697129904881519
2024-07-24,0.0962892762604937,0.2578106987749849
2024-07-25,0.08563501307361288,0.23706058698721247
2024-07-26,0.05962253936930946,0.1797212903643755
2024-07-27,0.015987331733118455,0.053966073569104905
2024-07-28,0.03789590185974029,0.09450511341855723
2024-07-29,0.10314808101502031,0.2574150043403675
2024-07-30,0.0823533607807273,0.21395437636897258
2024-07-31,0.09414045880557563,0.2365148838771327
2024-08-01,0.13594190471108947,0.31794224314518477
2024-08-02,0.08973956834098254,0.23918981218844254
2024-08-03,0.048190937775285644,0.13987650339347957
2024-08-04,0.038343520036160116,0.10805171576833443
2024-08-05,0.07227407384670063,0.18587604910462585
2024-08-06,0.17429939351135154,0.36055271834552405
2024-08-07,0.185779776585785,0.34667942298963733
2024-08-08,0.12776942470227914,0.2990024927781555
2024-08-09,0.09885096766114004,0.2651270262920159
2024-08-10,0.027156460178116452,0.09135701499193769
2024-08-11,0.02679219370911034,0.082156373181033
2024-08-12,0.10765444997001714,0.2520459665907795
2024-08-13,0.11083444490467766,0.2610076021165062
2024-08-14,0.11015505531026325,0.2560265699894551
2024-08-15,0.08443309903954585,0.21939412386993223
2024-08-16,0.05219291260435917,0.15278868539542814
2024-08-17,0.012370709102222134,0.04962602989513348
2024-08-18,0.015456493144237691,0.04905748546224535
2024-08-19,0.054590362072892196,0.14481383015036148
2024-08-20,0.039408770941799454,0.11519166294538481
2024-08-21,0.03255437031185671,0.10010036334743057
2024-08-22,0.028525900504400393,0.08683698498937774
2024-08-23,0.015411652357635364,0.05190892068375906
2024-08-24,0.003154391487671058,0.013817566151912547
2024-08-25,0.006907612106740529,0.025274509880199466
2024-08-26,0.02786984442835671,0.08537227050293197
2024-08-27,0.02347128197394166,0.07685849405369122
2024-08-28,0.018095337214548472,0.0641181906969893
2024-08-29,0.012395522264713929,0.050135395116041696
2024-08-30,0.008340068147062845,0.02967935159353682
2024-08-31,0.0033311214645272433,0.011163661790449886
2024-09-01,0.007219498575796503,0.02704039398547505
2024-09-02,0.006655756749865393,0.02632718245013155
2024-09-03,0.01732951666070016,0.06387760428196058
2024-09-04,0.021175330412088186,0.07172495392449282
2024-09-05,0.9287824211705843,0.9965244017052474
2024-09-06,0.5329235665618695,0.8425698792984945
2024-09-07,0.11910137019131933,0.3132051917999746
2024-09-08,0.11166646182461545,0.2658615741380109
2024-09-09,0.31269290250403436,0.5775046657200261
2024-09-10,0.29104337990049356,0.5698954700935942
2024-09-11,0.2859897743011245,0.5691519850461526
2024-09-12,0.23334982557951922,0.5116986402388399
2024-09-13,0.09392376548967404,0.28834745046128035
2024-09-14,0.0486730960151277,0.15037185776025988
2024-09-15,0.034474488113744366,0.10036942337912243
2024-09-16,0.06133533687700094,0.18784269037225276
2024-09-17,0.0448681279435663,0.1419242076374467
2024-09-18,0.03404554820787216,0.11788116150835559
2024-09-19,0.022334332189923617,0.08739116899982613
2024-09-20,0.009364228165811025,0.04053933243332038
2024-09-21,0.007930995835206171,0.02744916054850199
2024-09-22,0.010154190838828748,0.0296974320013184
2024-09-23,0.016608660972865265,0.059761423746998533
2024-09-24,0.015549778564671731,0.05575207159481228
2024-09-25,0.013159342745307312,0.04571030831441664
2024-09-26,0.010585091110937098,0.0382746876496466
2024-09-27,0.004982946509512893,0.02627185773658339
2024-09-28,0.003342504588401343,0.01044449658093529
2024-09-29,0.005285199783962856,0.013531408122767227
2024-09-30,0.0170531577872857,0.048327855148559765
2024-10-01,0.0,0.0
2024-10-02,0.0,0.0
2024-10-03,0.0,0.0
2024-10-04,0.0,0.0
2024-10-05,0.0,0.0
2024-10-06,0.0,0.0
2024-10-07,0.0,0.0
2024-10-08,0.0,0.0
2024-10-09,0.0,0.0
2024-10-10,0.0,0.0
2024-10-11,0.0,0.0
2024-10-12,0.0,0.0
2024-10-13,0.0,0.0
2024-10-14,0.0,0.0
2024-10-15,0.0,0.0
2024-10-16,0.0,0.0
2024-10-17,0.0,0.0
2024-10-18,0.0,0.0
2024-10-19,0.0,0.0
2024-10-20,0.0,0.0
2024-10-21,0.0,0.0
2024-10-22,0.0,0.0
2024-10-23,0.0,0.0
2024-10-24,0.0,0.0
2024-10-25,0.0,0.0
2024-10-26,0.0,0.0
2024-10-27,0.0,0.0
2024-10-28,0.0,0.0
2024-10-29,0.0,0.0
2024-10-30,0.0,0.0
2024-10-31,0.0,0.0
2024-11-01,0.0,0.0
2024-11-02,0.0,0.0
2024-11-03,0.0,0.0
2024-11-04,0.0,0.0
2024-11-05,0.0,0.0
2024-11-06,0.0,0.0
2024-11-07,0.0,0.0
2024-11-08,0.0,0.0
2024-11-09,0.0,0.0
2024-11-10,0.0,0.0
2024-11-11,0.0,0.0
2024-11-12,0.0,0.0
2024-11-13,0.0,0.0
2024-11-14,0.0,0.0
2024-11-15,0.0,0.0
2024-11-16,0.0,0.0
2024-11-17,0.0,0.0
2024-11-18,0.0,0.0
2024-11-19,0.0,0.0
2024-11-20,0.0,0.0
2024-11-21,0.0,0.0
2024-11-22,0.0,0.0
2024-11-23,0.0,0.0
2024-11-24,0.0,0.0
2024-11-25,0.0,0.0
2024-11-26,0.0,0.0
2024-11-27,0.0,0.0
2024-11-28,0.0,0.0
2024-11-29,0.0,0.0
2024-11-30,0.0,0.0
2024-12-01,0.0,0.0
2024-12-02,0.0,0.0
2024-12-03,0.0,0.0
2024-12-04,0.0,0.0
2024-12-05,0.0,0.0
2024-12-06,0.0,0.0
2024-12-07,0.0,0.0
2024-12-08,0.0,0.0
2024-12-09,0.0,0.0
2024-12-10,0.0,0.0
2024-12-11,0.0,0.0
2024-12-12,0.0,0.0
2024-12-13,0.0,0.0
2024-12-14,0.0,0.0
2024-12-15,0.0,0.0
2024-12-16,0.0,0.0
2024-12-17,0.0,0.0
2024-12-18,0.0,0.0
2024-12-19,0.0,0.0
2024-12-20,0.0,0.0
2024-12-21,0.0,0.0
2024-12-22,0.0,0.0
2024-12-23,0.0,0.0
2024-12-24,0.0,0.0
2024-12-25,0.0,0.0
2024-12-26,0.0,0.0
2024-12-27,0.0,0.0
2024-12-28,0.0,0.0
2024-12-29,0.0,0.0
2024-12-30,0.0,0.0
2024-12-31,0.0,0.0
2025-01-01,0.0,0.0
2025-01-02,0.0,0.0
2025-01-03,0.0,0.0
2025-01-04,0.0,0.0
2025-01-05,0.0,0.0
2025-01-06,0.0,0.0
2025-01-07,0.0,0.0
2025-01-08,0.0,0.0
2025-01-09,0.0,0.0
2025-01-10,0.0,0.0
2025-01-11,0.0,0.0
2025-01-12,0.0,0.0
2025-01-13,0.0,0.0
2025-01-14,0.0,0.0
2025-01-15,0.0,0.0
2025-01-16,0.0,0.0
2025-01-17,0.0,0.0
2025-01-18,0.0,0.0
2025-01-19,0.0,0.0
2025-01-20,0.0,0.0
2025-01-21,0.0,0.0
2025-01-22,0.0,0.0
2025-01-23,0.0,0.0
2025-01-24,0.0,0.0
2025-01-25,0.0,0.0
2025-01-26,0.0,0.0
2025-01-27,0.0,0.0
2025-01-28,0.0,0.0
2025-01-29,0.0,0.0
2025-01-30,0.0,0.0
2025-01-31,0.0,0.0
2025-02-01,0.0,0.0
2025-02-02,0.0,0.0
2025-02-03,0.0,0.0
2025-02-04,0.0,0.0
2025-02-05,0.0,0.0
2025-02-06,0.0,0.0
2025-02-07,0.0,0.0
2025-02-08,0.0,0.0
2025-02-09,0.0,0.0
2025-02-10,0.0,0.0
2025-02-11,0.0,0.0
2025-02-12,0.0,0.0
2025-02-13,0.0,0.0
2025-02-14,0.0,0.0
2025-02-15,0.0,0.0
2025-02-16,0.0,0.0
2025-02-17,0.0,0.0
2025-02-18,0.0,0.0
2025-02-19,0.0,0.0
2025-02-20,0.0,0.0
2025-02-21,0.0,0.0
2025-02-22,0.0,0.0
2025-02-23,0.0,0.0
2025-02-24,0.0,0.0
2025-02-25,0.0,0.0
2025-02-26,0.0,0.0
2025-02-27,0.0,0.0
2025-02-28,0.0,0.0
2025-03-01,0.0,0.0
2025-03-02,0.0,0.0
2025-03-03,0.0,0.0
2025-03-04,0.0,0.0
2025-03-05,0.0,0.0
2025-03-06,0.0,0.0
2025-03-07,0.0,0.0
2025-03-08,0.0,0.0
2025-03-09,0.0,0.0
2025-03-10,0.0,0.0
2025-03-11,0.0,0.0
2025-03-12,0.0,0.0
2025-03-13,0.0,0.0
2025-03-14,0.0,0.0
2025-03-15,0.0,0.0
2025-03-16,0.0,0.0
2025-03-17,0.0,0.0
2025-03-18,0.0,0.0
2025-03-19,0.0,0.0
2025-03-20,0.0,0.0
2025-03-21,0.0,0.0
2025-03-22,0.0,0.0
2025-03-23,0.0,0.0
2025-03-24,0.0,0.0
2025-03-25,0.0,0.0
2025-03-26,0.0,0.0
2025-03-27,0.0,0.0
2025-03-28,0.0,0.0
2025-03-29,0.0,0.0
2025-03-30,0.0,0.0
2025-03-31,0.0,0.0
2025-04-01,0.0,0.0
2025-04-02,0.0,0.0
2025-04-03,0.0,0.0
2025-04-04,0.0,0.0
2025-04-05,0.0,0.0
2025-04-06,0.0,0.0
2025-04-07,0.0,0.0
2025-04-08,0.0,0.0
2025-04-09,0.0,0.0
2025-04-10,0.0,0.0
2025-04-11,0.0,0.0
2025-04-12,0.0,0.0
2025-04-13,0.0,0.0
2025-04-14,0.0,0.0
2025-04-15,0.0,0.0
2025-04-16,0.0,0.0
2025-04-17,0.0,0.0
2025-04-18,0.0,0.0
2025-04-19,0.0,0.0
2025-04-20,0.0,0.0
2025-04-21,0.0,0.0
2025-04-22,0.0,0.0
2025-04-23,0.0,0.0
2025-04-24,0.0,0.0
2025-04-25,0.0,0.0
2025-04-26,0.0,0.0
2025-04-27,0.0,0.0
2025-04-28,0.0,0.0
2025-04-29,0.0,0.0
2025-04-30,0.0,0.0
2025-05-01,0.0,0.0
2025-05-02,0.0,0.0
2025-05-03,0.0,0.0
2025-05-04,0.0,0.0
2025-05-05,0.0,0.0
2025-05-06,0.0,0.0
2025-05-07,0.0,0.0
2025-05-08,0.0,0.0
2025-05-09,0.0,0.0
2025-05-10,0.0,0.0
2025-05-11,0.0,0.0
2025-05-12,0.0,0.0
2025-05-13,0.0,0.0
2025-05-14,0.0,0.0
2025-05-15,0.0,0.0
2025-05-16,0.0,0.0
